img,link,price,title
http://playnomore.co.kr/web/product/big/20200317/a5ea014ec575f68728cc1bf360b3d127.jpg,http://playnomore.co.kr/product/new-open-event-10-rainbow-hobo-blue-180/567/?cate_no=24&display_group=1,$ 162,[New Open Event 10%] RAINBOW HOBO blue 
http://playnomore.co.kr/web/product/big/20200407/626de3d4081df6e1dff057623e9e4877.jpg,http://playnomore.co.kr/product/pre-order20off-micro-baguette-yellow-180/573/?cate_no=24&display_group=1,$ 144,[Pre-Order/20%off] MICRO BAGUETTE yellow 
http://playnomore.co.kr/web/product/big/20200317/924aa77ebf25941ab05dbd66f656d0c2.jpg,http://playnomore.co.kr/product/new-open-event-10-rainbow-hobo-whtie-180/563/?cate_no=24&display_group=1,$ 162,[New Open Event 10%] RAINBOW HOBO whtie 
http://playnomore.co.kr/web/product/big/20200317/8b360e875520ffebcfb628d0137f3273.jpg,http://playnomore.co.kr/product/new-open-event-10-rainbow-hobo-ice-grey-180/565/?cate_no=24&display_group=1,$ 162,[New Open Event 10%] RAINBOW HOBO ice grey 
http://playnomore.co.kr/web/product/big/20200317/44e1772952f01937bc481e34cc7de6f0.jpg,http://playnomore.co.kr/product/new-open-event-10-rainbow-hobo-mint-180/566/?cate_no=24&display_group=1,$ 162,[New Open Event 10%] RAINBOW HOBO mint 
http://playnomore.co.kr/web/product/big/20200317/31a7cc70839b4dba791673f40e20db2d.jpg,http://playnomore.co.kr/product/new-open-event-10-rainbow-hobo-green-180/568/?cate_no=24&display_group=1,$ 162,[New Open Event 10%] RAINBOW HOBO green 
http://playnomore.co.kr/web/product/big/20200317/0c563a8e24723b3791f888656dbe2338.jpg,http://playnomore.co.kr/product/new-open-event-10-rainbow-hobo-red-180/569/?cate_no=24&display_group=1,$ 162,[New Open Event 10%] RAINBOW HOBO red 
http://playnomore.co.kr/web/product/big/20200317/30f03a82a40613037ab9763f4a1fc7cd.jpg,http://playnomore.co.kr/product/new-open-event-10-rainbow-hobo-candy-pink-180/564/?cate_no=24&display_group=1,$ 162,[New Open Event 10%] RAINBOW HOBO candy pink 
http://playnomore.co.kr/web/product/big/20200317/33d8cfd4ea02bc468f02dc95464109f9.jpg,http://playnomore.co.kr/product/new-open-event-10-rainbow-hobo-black-180/562/?cate_no=24&display_group=1,$ 162,[New Open Event 10%] RAINBOW HOBO black 
http://playnomore.co.kr/web/product/big/20200303/4b468e41aa0114038f15b9b97702ccb8.jpg,http://playnomore.co.kr/product/15off-micro-candy-magenta-180/493/?cate_no=24&display_group=1,$ 153,[15%off] MICRO CANDY magenta 
http://playnomore.co.kr/web/product/big/20200303/448ef015df082eec76b9dbd116a1c86a.jpg,http://playnomore.co.kr/product/15off-micro-candy-dot-180/550/?cate_no=24&display_group=1,$ 153,[15%off] MICRO CANDY dot 
http://playnomore.co.kr/web/product/big/20200303/46c317e5bc83027b99c6a1e105adb2af.jpg,http://playnomore.co.kr/product/15off-micro-candy-natural-180/532/?cate_no=24&display_group=1,$ 153,[15%off] MICRO CANDY natural 
http://playnomore.co.kr/web/product/big/20200303/75ffbe8e032a8e233f00210ac4e6e4fd.jpg,http://playnomore.co.kr/product/spring-sale-15-micro-candy-white-180/507/?cate_no=24&display_group=1,$ 153,[Spring SALE 15%] MICRO CANDY white 
http://playnomore.co.kr/web/product/big/20200407/5d236db50fc74a8e435bb543137d56e2.jpg,http://playnomore.co.kr/product/pre-order20off-micro-baguette-white-180/572/?cate_no=24&display_group=1,$ 144,[Pre-Order/20%off] MICRO BAGUETTE white 
img,link,price,title
http://playnomore.co.kr/web/product/big/201703/232_shop7_426702.jpg,http://playnomore.co.kr/product/sold-out-shygirl-oxford-silver/232/?cate_no=25&display_group=1,$ 450,[SOLD OUT] SHYGIRL oxford silver
http://playnomore.co.kr/web/product/big/201703/233_shop7_194677.jpg,http://playnomore.co.kr/product/sold-out-shygirl-oxford-gold/233/?cate_no=25&display_group=1,$ 450,[SOLD OUT] SHYGIRL oxford gold
http://playnomore.co.kr/web/product/big/201702/18_shop7_183931.jpg,http://playnomore.co.kr/product/sold-out-winkygirl-color-blocks-5cm-rose-gold/18/?cate_no=25&display_group=1,$ 414,[SOLD OUT] WINKYGIRL COLOR BLOCKS (5cm) rose gold
http://playnomore.co.kr/web/product/big/201702/207_shop7_312513.jpg,http://playnomore.co.kr/product/sold-out-shygirl-oxford-chrome/207/?cate_no=25&display_group=1,$ 450,[SOLD OUT] SHYGIRL oxford chrome
http://playnomore.co.kr/web/product/big/201701/138_shop7_619644.jpg,http://playnomore.co.kr/product/sold-out-winkygirl-color-blocks-2cm-black/138/?cate_no=25&display_group=1,$ 414,[SOLD OUT] WINKYGIRL COLOR BLOCKS  (2cm) black
http://playnomore.co.kr/web/product/big/201702/19_shop7_561442.jpg,http://playnomore.co.kr/product/sold-out-winkygirl-color-blocks-5cm-multi/19/?cate_no=25&display_group=1,$ 414,[SOLD OUT] WINKYGIRL COLOR BLOCKS (5cm) multi
http://playnomore.co.kr/web/product/big/201706/305_shop7_443176.jpg,http://playnomore.co.kr/product/sold-out-shy-lip-bloafer-champagne-gold/305/?cate_no=25&display_group=1,$ 480,[SOLD OUT] SHY LIP bloafer champagne gold
http://playnomore.co.kr/web/product/big/201609/21_shop1_572305.jpg,http://playnomore.co.kr/product/sold-out-winkygirl-color-blocks-5cm-silver/21/?cate_no=25&display_group=1,$ 414,[SOLD OUT] WINKYGIRL COLOR BLOCKS (5cm) silver
http://playnomore.co.kr/web/product/big/201702/22_shop7_242463.jpg,http://playnomore.co.kr/product/sold-out-kiss-me-pink-beige/22/?cate_no=25&display_group=1,$ 450,[SOLD OUT] KISS ME pink beige
http://playnomore.co.kr/web/product/big/201702/181_shop7_374071.jpg,http://playnomore.co.kr/product/sold-out-shy-friends-oxford-black/181/?cate_no=25&display_group=1,$ 450,[SOLD OUT] SHY FRIENDS oxford black
http://playnomore.co.kr/web/product/big/201702/23_shop7_151870.jpg,http://playnomore.co.kr/product/sold-out-kiss-me-deep-green/23/?cate_no=25&display_group=1,$ 450,[SOLD OUT] KISS ME deep green
http://playnomore.co.kr/web/product/big/201609/20_shop7_178984.jpg,http://playnomore.co.kr/product/sold-out-winkygirl-color-blocks-metallic-navy-5cm/20/?cate_no=25&display_group=1,$ 414,[SOLD OUT] WINKYGIRL COLOR BLOCKS metallic navy (5cm)
http://playnomore.co.kr/web/product/big/201706/304_shop7_862848.jpg,http://playnomore.co.kr/product/sold-out-shy-lip-bloafer-chrome/304/?cate_no=25&display_group=1,$ 480,[SOLD OUT] SHY LIP bloafer chrome
http://playnomore.co.kr/web/product/big/201701/137_shop7_918095.jpg,http://playnomore.co.kr/product/sold-out-winkygirl-color-blocks-5cm-metallic-pink/137/?cate_no=25&display_group=1,$ 414,[SOLD OUT] WINKYGIRL COLOR BLOCKS (5cm) metallic pink
http://playnomore.co.kr/web/product/big/201701/140_shop7_744641.jpg,http://playnomore.co.kr/product/sold-out-winkygirl-color-blocks-2cm-multi/140/?cate_no=25&display_group=1,$ 414,[SOLD OUT] WINKYGIRL COLOR BLOCKS (2cm) multi
