count,link,star,title
"1,291,100명",https://movie.naver.com/movie/bi/mi/basic.nhn?code=189537,7.97,#살아있다
0명,https://movie.naver.com/movie/bi/mi/basic.nhn?code=31638,8.40,로슈포르의 숙녀들
0명,https://movie.naver.com/movie/bi/mi/basic.nhn?code=159862,7.66,나미야 잡화점의 기적
0명,https://movie.naver.com/movie/bi/mi/basic.nhn?code=10343,,레베카
0명,https://movie.naver.com/movie/bi/mi/basic.nhn?code=189624,9.17,찬실이는 복도 많지
0명,https://movie.naver.com/movie/bi/mi/basic.nhn?code=130966,8.59,부산행
0명,https://movie.naver.com/movie/bi/mi/basic.nhn?code=149434,10.0,파리 오페라 발레단
0명,https://movie.naver.com/movie/bi/mi/basic.nhn?code=36950,9.50,도그빌
0명,https://movie.naver.com/movie/bi/mi/basic.nhn?code=185151,,욕창
0명,https://movie.naver.com/movie/bi/mi/basic.nhn?code=192623,9.29,미스비헤이비어
0명,https://movie.naver.com/movie/bi/mi/basic.nhn?code=191642,10.0,킹 오브 프리즘 올 스타즈 -프리즘 쇼☆베스트10-
0명,https://movie.naver.com/movie/bi/mi/basic.nhn?code=26539,8.79,그 여름 가장 조용한 바다
0명,https://movie.naver.com/movie/bi/mi/basic.nhn?code=168050,9.15,스타 이즈 본
0명,https://movie.naver.com/movie/bi/mi/basic.nhn?code=169647,9.15,아이 캔 온리 이매진
0명,https://movie.naver.com/movie/bi/mi/basic.nhn?code=191633,8.55,트롤: 월드 투어
0명,https://movie.naver.com/movie/bi/mi/basic.nhn?code=11093,,플라이
0명,https://movie.naver.com/movie/bi/mi/basic.nhn?code=11757,8.00,캐리
0명,https://movie.naver.com/movie/bi/mi/basic.nhn?code=134963,8.91,라라랜드
0명,https://movie.naver.com/movie/bi/mi/basic.nhn?code=10037,9.50,에이리언
0명,https://movie.naver.com/movie/bi/mi/basic.nhn?code=132665,8.33,심야식당
0명,https://movie.naver.com/movie/bi/mi/basic.nhn?code=10038,,에이리언 2
0명,https://movie.naver.com/movie/bi/mi/basic.nhn?code=66440,9.13,슬럼독 밀리어네어
0명,https://movie.naver.com/movie/bi/mi/basic.nhn?code=52555,8.89,조디악
0명,https://movie.naver.com/movie/bi/mi/basic.nhn?code=10489,,미져리
0명,https://movie.naver.com/movie/bi/mi/basic.nhn?code=155123,9.36,미스 사이공: 25주년 특별 공연
0명,https://movie.naver.com/movie/bi/mi/basic.nhn?code=188765,8.70,문신을 한 신부님
0명,https://movie.naver.com/movie/bi/mi/basic.nhn?code=14397,,드라큐라
0명,https://movie.naver.com/movie/bi/mi/basic.nhn?code=154449,9.01,리틀 포레스트
0명,https://movie.naver.com/movie/bi/mi/basic.nhn?code=74387,,필름 소셜리즘
0명,https://movie.naver.com/movie/bi/mi/basic.nhn?code=172176,,극장판 시티헌터: 신주쿠 프라이빗 아이즈
0명,https://movie.naver.com/movie/bi/mi/basic.nhn?code=11724,,해저 2만리
0명,https://movie.naver.com/movie/bi/mi/basic.nhn?code=193804,8.40,프리즌 이스케이프
0명,https://movie.naver.com/movie/bi/mi/basic.nhn?code=97612,8.71,그랜드 부다페스트 호텔
0명,https://movie.naver.com/movie/bi/mi/basic.nhn?code=97975,,창
0명,https://movie.naver.com/movie/bi/mi/basic.nhn?code=142689,8.48,최악의 하루
0명,https://movie.naver.com/movie/bi/mi/basic.nhn?code=183427,7.75,"조금씩, 천천히 안녕"
0명,https://movie.naver.com/movie/bi/mi/basic.nhn?code=185136,,죽도 서핑 다이어리
0명,https://movie.naver.com/movie/bi/mi/basic.nhn?code=179694,9.16,인생 후르츠
0명,https://movie.naver.com/movie/bi/mi/basic.nhn?code=107352,7.99,자객 섭은낭
0명,https://movie.naver.com/movie/bi/mi/basic.nhn?code=182387,9.21,윤희에게
0명,https://movie.naver.com/movie/bi/mi/basic.nhn?code=189001,8.91,인비저블맨
0명,https://movie.naver.com/movie/bi/mi/basic.nhn?code=159879,8.33,용길이네 곱창집
0명,https://movie.naver.com/movie/bi/mi/basic.nhn?code=11919,8.00,유로파
0명,https://movie.naver.com/movie/bi/mi/basic.nhn?code=19041,,오명
0명,https://movie.naver.com/movie/bi/mi/basic.nhn?code=156322,8.44,엄마의 공책
0명,https://movie.naver.com/movie/bi/mi/basic.nhn?code=194413,,아이언 마스크: 용패지미
0명,https://movie.naver.com/movie/bi/mi/basic.nhn?code=172174,9.25,어느 가족
0명,https://movie.naver.com/movie/bi/mi/basic.nhn?code=179095,7.35,아워 바디
0명,https://movie.naver.com/movie/bi/mi/basic.nhn?code=69951,9.75,썸머 워즈
0명,https://movie.naver.com/movie/bi/mi/basic.nhn?code=74028,,슈팅걸스
0명,https://movie.naver.com/movie/bi/mi/basic.nhn?code=10514,8.67,태양은 가득히
0명,https://movie.naver.com/movie/bi/mi/basic.nhn?code=122195,5.27,서울역
0명,https://movie.naver.com/movie/bi/mi/basic.nhn?code=75502,,상해전기
0명,https://movie.naver.com/movie/bi/mi/basic.nhn?code=33570,,사랑의 찬가
0명,https://movie.naver.com/movie/bi/mi/basic.nhn?code=164335,8.29,산상수훈
0명,https://movie.naver.com/movie/bi/mi/basic.nhn?code=96997,8.80,사이비
0명,https://movie.naver.com/movie/bi/mi/basic.nhn?code=129672,9.67,보이콰이어
0명,https://movie.naver.com/movie/bi/mi/basic.nhn?code=174294,8.55,성혜의 나라
0명,https://movie.naver.com/movie/bi/mi/basic.nhn?code=194391,,바이러스: 인류 최후의 날
0명,https://movie.naver.com/movie/bi/mi/basic.nhn?code=179307,8.97,벌새
0명,https://movie.naver.com/movie/bi/mi/basic.nhn?code=101901,9.29,변호인
0명,https://movie.naver.com/movie/bi/mi/basic.nhn?code=189438,9.40,바람의 언덕
0명,https://movie.naver.com/movie/bi/mi/basic.nhn?code=96326,,무서운 이야기
0명,https://movie.naver.com/movie/bi/mi/basic.nhn?code=194398,,판타스틱 썸머
0명,https://movie.naver.com/movie/bi/mi/basic.nhn?code=189463,9.24,몽마르트 파파
0명,https://movie.naver.com/movie/bi/mi/basic.nhn?code=189139,8.88,리암 갤러거
0명,https://movie.naver.com/movie/bi/mi/basic.nhn?code=147040,,더 디너
0명,https://movie.naver.com/movie/bi/mi/basic.nhn?code=97466,9.00,까밀 리와인드
0명,https://movie.naver.com/movie/bi/mi/basic.nhn?code=154964,9.15,파밍 보이즈
0명,https://movie.naver.com/movie/bi/mi/basic.nhn?code=170267,8.65,너와 극장에서
0명,https://movie.naver.com/movie/bi/mi/basic.nhn?code=93005,9.40,늑대아이
0명,https://movie.naver.com/movie/bi/mi/basic.nhn?code=179506,9.39,김군
0명,https://movie.naver.com/movie/bi/mi/basic.nhn?code=192147,8.84,콜 오브 와일드
0명,https://movie.naver.com/movie/bi/mi/basic.nhn?code=194289,,국도극장: 감독판
0명,https://movie.naver.com/movie/bi/mi/basic.nhn?code=27350,8.91,기쿠지로의 여름
0명,https://movie.naver.com/movie/bi/mi/basic.nhn?code=183105,9.25,고양이와 할아버지
0명,https://movie.naver.com/movie/bi/mi/basic.nhn?code=174830,9.54,가버나움
0명,https://movie.naver.com/movie/bi/mi/basic.nhn?code=191436,8.00,슈퍼스타 뚜루
0명,https://movie.naver.com/movie/bi/mi/basic.nhn?code=185134,9.33,삽질
0명,https://movie.naver.com/movie/bi/mi/basic.nhn?code=103797,8.96,족구왕
0명,https://movie.naver.com/movie/bi/mi/basic.nhn?code=179397,9.10,보희와 녹양
0명,https://movie.naver.com/movie/bi/mi/basic.nhn?code=176625,7.88,밤의 문이 열린다
0명,https://movie.naver.com/movie/bi/mi/basic.nhn?code=184859,10.0,물의 기억
0명,https://movie.naver.com/movie/bi/mi/basic.nhn?code=49047,,24 시티
0명,https://movie.naver.com/movie/bi/mi/basic.nhn?code=95203,8.63,로렌스 애니웨이 
0명,https://movie.naver.com/movie/bi/mi/basic.nhn?code=187979,8.86,나의 노래는 멀리멀리
0명,https://movie.naver.com/movie/bi/mi/basic.nhn?code=162153,9.03,B급 며느리
0명,https://movie.naver.com/movie/bi/mi/basic.nhn?code=146504,9.21,우리들
0명,https://movie.naver.com/movie/bi/mi/basic.nhn?code=179414,8.80,기억의 전쟁
0명,https://movie.naver.com/movie/bi/mi/basic.nhn?code=194810,10.0,레옹 디 오리지널
0명,https://movie.naver.com/movie/bi/mi/basic.nhn?code=188162,,백년의 기억
0명,https://movie.naver.com/movie/bi/mi/basic.nhn?code=186704,9.43,열혈형사
0명,https://movie.naver.com/movie/bi/mi/basic.nhn?code=188030,7.75,산티아고의 흰 지팡이
0명,https://movie.naver.com/movie/bi/mi/basic.nhn?code=50749,8.82,걸어도 걸어도
0명,https://movie.naver.com/movie/bi/mi/basic.nhn?code=40920,8.00,만덜레이
0명,https://movie.naver.com/movie/bi/mi/basic.nhn?code=178520,8.00,"안녕, 미누"
0명,https://movie.naver.com/movie/bi/mi/basic.nhn?code=10452,,열차 안의 낯선 자들
0명,https://movie.naver.com/movie/bi/mi/basic.nhn?code=119272,6.63,트립 투 이탈리아
0명,https://movie.naver.com/movie/bi/mi/basic.nhn?code=163334,,킬 스위치
0명,https://movie.naver.com/movie/bi/mi/basic.nhn?code=194309,6.00,와일드 시티
0명,https://movie.naver.com/movie/bi/mi/basic.nhn?code=24674,,백치들
0명,https://movie.naver.com/movie/bi/mi/basic.nhn?code=84375,,퍼펙트 센스
0명,https://movie.naver.com/movie/bi/mi/basic.nhn?code=185380,7.50,프랑스여자
0명,https://movie.naver.com/movie/bi/mi/basic.nhn?code=52991,9.17,안티크라이스트
0명,https://movie.naver.com/movie/bi/mi/basic.nhn?code=185150,8.86,이장
0명,https://movie.naver.com/movie/bi/mi/basic.nhn?code=90537,9.00,문라이즈 킹덤
0명,https://movie.naver.com/movie/bi/mi/basic.nhn?code=193990,8.70,아홉 스님
0명,https://movie.naver.com/movie/bi/mi/basic.nhn?code=154278,8.00,카메론 포스트의 잘못된 교육
0명,https://movie.naver.com/movie/bi/mi/basic.nhn?code=111978,8.67,폴레트의 수상한 베이커리
0명,https://movie.naver.com/movie/bi/mi/basic.nhn?code=193076,,벨빌 캅
0명,https://movie.naver.com/movie/bi/mi/basic.nhn?code=144840,8.80,하나와 미소시루
0명,https://movie.naver.com/movie/bi/mi/basic.nhn?code=18222,9.00,브레이킹 더 웨이브
0명,https://movie.naver.com/movie/bi/mi/basic.nhn?code=146548,8.66,태풍이 지나가고
0명,https://movie.naver.com/movie/bi/mi/basic.nhn?code=123389,8.92,잡식가족의 딜레마
0명,https://movie.naver.com/movie/bi/mi/basic.nhn?code=178569,8.95,국도극장
0명,https://movie.naver.com/movie/bi/mi/basic.nhn?code=164719,8.92,플로리다 프로젝트
0명,https://movie.naver.com/movie/bi/mi/basic.nhn?code=78872,8.00,돼지의 왕
0명,https://movie.naver.com/movie/bi/mi/basic.nhn?code=10243,,북북서로 진로를 돌려라
0명,https://movie.naver.com/movie/bi/mi/basic.nhn?code=63513,9.43,시간을 달리는 소녀
0명,https://movie.naver.com/movie/bi/mi/basic.nhn?code=193499,,인헤리턴스
0명,https://movie.naver.com/movie/bi/mi/basic.nhn?code=181114,8.36,날씨의 아이
0명,https://movie.naver.com/movie/bi/mi/basic.nhn?code=109920,8.73,아메리칸 셰프
0명,https://movie.naver.com/movie/bi/mi/basic.nhn?code=152691,5.85,레이니 데이 인 뉴욕
0명,https://movie.naver.com/movie/bi/mi/basic.nhn?code=78188,8.00,타이페이 카페 스토리
0명,https://movie.naver.com/movie/bi/mi/basic.nhn?code=153934,9.08,이태원
0명,https://movie.naver.com/movie/bi/mi/basic.nhn?code=87949,,도심 속의 방
0명,https://movie.naver.com/movie/bi/mi/basic.nhn?code=189119,9.39,초미의 관심사
0명,https://movie.naver.com/movie/bi/mi/basic.nhn?code=194004,9.00,16세의 사운드트랙
0명,https://movie.naver.com/movie/bi/mi/basic.nhn?code=48747,,밀양
0명,https://movie.naver.com/movie/bi/mi/basic.nhn?code=96379,9.13,비긴 어게인
0명,https://movie.naver.com/movie/bi/mi/basic.nhn?code=179394,9.27,나는보리
0명,https://movie.naver.com/movie/bi/mi/basic.nhn?code=113170,8.84,마담 프루스트의 비밀정원
0명,https://movie.naver.com/movie/bi/mi/basic.nhn?code=132610,8.82,바닷마을 다이어리
0명,https://movie.naver.com/movie/bi/mi/basic.nhn?code=183111,7.00,너는 달밤에 빛나고
0명,https://movie.naver.com/movie/bi/mi/basic.nhn?code=155263,7.82,버닝
0명,https://movie.naver.com/movie/bi/mi/basic.nhn?code=70562,,시
0명,https://movie.naver.com/movie/bi/mi/basic.nhn?code=193136,9.80,들리나요?
0명,https://movie.naver.com/movie/bi/mi/basic.nhn?code=194297,,1945: 포인트 오브 노 리턴
0명,https://movie.naver.com/movie/bi/mi/basic.nhn?code=26756,8.80,모리스
0명,https://movie.naver.com/movie/bi/mi/basic.nhn?code=27219,9.38,박하사탕
0명,https://movie.naver.com/movie/bi/mi/basic.nhn?code=78838,8.85,멜랑콜리아
0명,https://movie.naver.com/movie/bi/mi/basic.nhn?code=185282,9.14,타오르는 여인의 초상
0명,https://movie.naver.com/movie/bi/mi/basic.nhn?code=193054,9.80,"시,나리오"
0명,https://movie.naver.com/movie/bi/mi/basic.nhn?code=194777,,포스 오브 네이쳐
0명,https://movie.naver.com/movie/bi/mi/basic.nhn?code=185285,8.96,카페 벨에포크
0명,https://movie.naver.com/movie/bi/mi/basic.nhn?code=189712,,코드 8
0명,https://movie.naver.com/movie/bi/mi/basic.nhn?code=181099,,바다로 가자
0명,https://movie.naver.com/movie/bi/mi/basic.nhn?code=34093,,오아시스
0명,https://movie.naver.com/movie/bi/mi/basic.nhn?code=182099,10.0,에이브의 쿠킹 다이어리
0명,https://movie.naver.com/movie/bi/mi/basic.nhn?code=85825,8.84,톰보이
0명,https://movie.naver.com/movie/bi/mi/basic.nhn?code=173247,,트랜짓
0명,https://movie.naver.com/movie/bi/mi/basic.nhn?code=167658,9.23,에어로너츠
0명,https://movie.naver.com/movie/bi/mi/basic.nhn?code=84917,8.29,로마 위드 러브
0명,https://movie.naver.com/movie/bi/mi/basic.nhn?code=183046,8.17,부력
0명,https://movie.naver.com/movie/bi/mi/basic.nhn?code=68498,8.92,피아노의 숲
0명,https://movie.naver.com/movie/bi/mi/basic.nhn?code=10480,8.00,전망 좋은 방
0명,https://movie.naver.com/movie/bi/mi/basic.nhn?code=182835,7.70,침입자
0명,https://movie.naver.com/movie/bi/mi/basic.nhn?code=186347,8.13,환상의 마로나
0명,https://movie.naver.com/movie/bi/mi/basic.nhn?code=185292,10.0,인비저블 라이프
0명,https://movie.naver.com/movie/bi/mi/basic.nhn?code=37439,9.43,배트맨 비긴즈
0명,https://movie.naver.com/movie/bi/mi/basic.nhn?code=14448,9.64,패왕별희 디 오리지널
0명,https://movie.naver.com/movie/bi/mi/basic.nhn?code=188991,9.11,엔딩스 비기닝스
0명,https://movie.naver.com/movie/bi/mi/basic.nhn?code=179894,6.60,사라진 시간
0명,https://movie.naver.com/movie/bi/mi/basic.nhn?code=193781,9.00,나의 첫 번째 슈퍼스타
0명,https://movie.naver.com/movie/bi/mi/basic.nhn?code=168031,10.0,해피 디 데이
0명,https://movie.naver.com/movie/bi/mi/basic.nhn?code=37742,10.0,트로이
"1,816명",https://movie.naver.com/movie/bi/mi/basic.nhn?code=194807,,"아무튼, 아담"
"225,478명",https://movie.naver.com/movie/bi/mi/basic.nhn?code=158885,9.13,콜 미 바이 유어 네임
"1,687,459명",https://movie.naver.com/movie/bi/mi/basic.nhn?code=106360,9.31,위대한 쇼맨
"7,354명",https://movie.naver.com/movie/bi/mi/basic.nhn?code=193326,10.0,인베이젼 2020
"19,407명",https://movie.naver.com/movie/bi/mi/basic.nhn?code=189118,9.55,소리꾼
"307,168명",https://movie.naver.com/movie/bi/mi/basic.nhn?code=187351,9.11,온워드: 단 하루의 기적
"4,187,939명",https://movie.naver.com/movie/bi/mi/basic.nhn?code=62586,10.0,다크 나이트
"760,333명",https://movie.naver.com/movie/bi/mi/basic.nhn?code=180378,8.69,결백
"31,300명",https://movie.naver.com/movie/bi/mi/basic.nhn?code=189633,9.46,야구소녀
